　　,,,,,,,,,,,,,,,,,,,,,,,,,,,,,,,,,,,,,,,,,,,,,,,,,,,
表2—1    全国各民族分性别、行业的人口,,,,,,,,,,,,,,,,,,,,,,,,,,,,,,,,,,,,,,,,,,,,,,,,,,,
,,,,,,,,,,,,,,,,,,,,,,,,,,,    ,        ,                  ,                      ,                  ,      ,                ,    ,,                    ,,,,,,,,,,,,,,,
,,,,,,,,,,,,,,,,,,,,,,,,,,,,,,,,,,,,,,,,,,,,,,,,,,,单位:人
民     族,合      计,,,一、农、林、牧、渔业,,,二、采掘业,,,三、制造业,,,四、电力、煤气及水的生产和供应业,,,五、建筑业,,,六、地质堪查业、水利管理业,,,七、交通运输、仓储及邮电通信业,,,八、批发和零售贸易、餐饮业,,,九、金融、保险业,,,十、房地产业,,,十一、社会服务业,,,十二、卫生、体育和社会福利业,,,十三、教育、文化艺术及广播电影电视业,,,十四、科学研究和综合技术服务业,,,十五、国家机关、政党机关和社会团体,,,十六、其他行业,,
,合计,男,女,小计,男,女,小计,男,女,小计,男,女,小计,男,女,小计,男,女,小计,男,女,小计,男,女,小计,男,女,小计,男,女,小计,男,女,小计,男,女,小计,男,女,小计,男,女,小计,男,女,小计,男,女,小计,男,女
,,,,,,,,,,,,,,,,,,,,,,,,,,,,,,,,,,,,,,,,,,,,,,,,,,,
  合      计,66874889,36550882,30324007,43051661,22175507,20876154,697862,573387,124475,8333044,4532607,3800437,418822,292141,126681,1794657,1595308,199349,84500,63891,20609,1724636,1411870,312766,4474040,2252730,2221310,394752,210056,184696,154814,98278,56536,1438738,823340,615398,709875,316536,393339,1710824,864574,846250,149861,95588,54273,1572764,1136260,436504,164039,108809,55230
,,,,,,,,,,,,,,,,,,,,,,,,,,,,,,,,,,,,,,,,,,,,,,,,,,,
  汉族                        ,61015128,33419773,27595355,38430988,19787958,18643030,657828,540665,117163,8017373,4353247,3664126,393346,274734,118612,1732369,1541609,190760,78932,59611,19321,1632211,1336117,296094,4228516,2137468,2091048,371520,196986,174534,149733,95094,54639,1364755,783503,581252,661717,296057,365660,1558893,783007,775886,143010,91391,51619,1441304,1041071,400233,152633,101255,51378
  蒙古族                      ,309510,164673,144837,220167,115089,105078,3028,2438,590,14653,7733,6920,2082,1409,673,4320,3603,717,449,316,133,6912,5308,1604,15481,6370,9111,2528,1309,1219,412,227,185,5447,2639,2808,4737,1911,2826,14490,6328,8162,700,393,307,13388,9150,4238,716,450,266
  回族                        ,489307,269312,219995,291603,148803,142800,4640,3754,886,52077,31277,20800,4186,2774,1412,9004,7583,1421,710,529,181,17634,14357,3277,55188,29265,25923,3382,1613,1769,1400,881,519,13214,8029,5185,5472,2152,3320,13619,6597,7022,1369,822,547,14301,9920,4381,1508,956,552
  藏族                        ,290824,149034,141790,251303,124242,127061,928,622,306,4932,2609,2323,860,557,303,1018,697,321,193,149,44,2546,1932,614,4819,2374,2445,820,525,295,35,19,16,1779,859,920,2076,931,1145,8511,5626,2885,232,128,104,10360,7504,2856,412,260,152
  维吾尔族                    ,450784,246173,204611,362609,190365,172244,1781,1302,479,17276,10464,6812,1930,1281,649,2350,2092,258,1199,907,292,5701,4833,868,18575,12596,5979,1162,702,460,185,92,93,5309,3699,1610,4188,1444,2744,15033,7005,8028,282,158,124,11459,7949,3510,1745,1284,461
  苗族                        ,505894,264789,241105,439475,224216,215259,2321,1966,355,22046,12362,9684,1291,887,404,3407,2996,411,172,137,35,3992,3334,658,11033,4656,6377,989,612,377,162,112,50,3146,1550,1596,2372,1160,1212,8142,5257,2885,205,144,61,6708,5128,1580,433,272,161
  彝族                        ,468497,241444,227053,424453,213629,210824,2813,2380,433,7848,4873,2975,931,650,281,2001,1694,307,259,212,47,3206,2715,491,7430,2782,4648,850,569,281,101,72,29,2417,1033,1384,2035,963,1072,7279,4613,2666,178,108,70,6436,4964,1472,260,187,73
  壮族                        ,963389,501665,461724,771562,392816,378746,5722,4430,1292,63843,32801,31042,3419,2362,1057,10070,8392,1678,595,495,100,12098,9855,2243,35909,14854,21055,2961,1778,1183,540,370,170,9701,4548,5153,6284,2725,3559,22637,13029,9608,750,490,260,15105,11323,3782,2193,1397,796
  布依族                      ,166212,85964,80248,145986,73564,72422,622,512,110,6203,3542,2661,349,254,95,881,748,133,57,46,11,1124,940,184,3143,1296,1847,290,179,111,65,51,14,1011,545,466,758,348,410,2994,1870,1124,84,55,29,2548,1949,599,97,65,32
  朝鲜族                      ,86436,47961,38475,40779,22748,18031,979,731,248,10436,6195,4241,884,639,245,2506,2185,321,181,139,42,2486,1892,594,12178,4645,7533,1094,521,573,192,121,71,3815,2187,1628,1873,831,1042,4683,2070,2613,416,264,152,3368,2437,931,566,356,210
  满族                        ,580815,334445,246370,383204,211326,171878,9249,7926,1323,48512,29224,19288,4004,2881,1123,13273,11746,1527,751,570,181,18758,15677,3081,37501,17884,19617,4510,2480,2030,1284,779,505,13383,8086,5297,7547,3215,4332,18944,8631,10313,1555,930,625,16987,12173,4814,1353,917,436
  侗族                        ,164557,88689,75868,134391,70923,63468,633,542,91,10566,5682,4884,616,401,215,1464,1293,171,70,56,14,1908,1585,323,4968,2046,2922,467,270,197,79,52,27,1302,630,672,1095,507,588,3725,2253,1472,102,70,32,3002,2276,726,169,103,66
  瑶族                        ,158835,85015,73820,135383,71470,63913,955,739,216,7475,3929,3546,533,353,180,915,789,126,80,61,19,1324,1030,294,3478,1481,1997,360,218,142,84,59,25,1080,439,641,909,418,491,3241,1849,1392,78,56,22,2679,1976,703,261,148,113
  白族                        ,106982,55126,51856,84834,41405,43429,651,517,134,4519,2868,1651,428,281,147,1880,1676,204,92,79,13,1877,1567,310,4022,1634,2388,496,319,177,82,52,30,1353,600,753,1009,407,602,2838,1623,1215,155,98,57,2539,1871,668,207,129,78
  土家族                      ,451155,239714,211441,361767,184815,176952,2452,2159,293,27529,15642,11887,1969,1337,632,5165,4707,458,253,188,65,6630,5640,990,15744,6825,8919,1471,894,577,222,148,74,4955,2475,2480,3396,1656,1740,9888,5993,3895,315,224,91,8776,6569,2207,623,442,181
  哈尼族                      ,83894,43565,40329,76005,38749,37256,601,531,70,1357,850,507,146,101,45,556,476,80,55,46,9,502,417,85,1527,492,1035,122,79,43,20,14,6,527,151,376,313,122,191,1174,757,417,28,20,8,912,728,184,49,32,17
  哈萨克族                    ,57308,35493,21815,44647,28157,16490,495,378,117,1249,675,574,339,210,129,121,97,24,168,126,42,721,601,120,1222,538,684,274,164,110,22,15,7,485,194,291,852,342,510,3888,1973,1915,48,28,20,2577,1841,736,200,154,46
  傣族                        ,69512,35632,33880,61903,31774,30129,157,125,32,1201,696,505,153,89,64,169,136,33,27,22,5,531,426,105,1877,554,1323,183,103,80,24,18,6,594,159,435,326,124,202,1141,531,610,30,15,15,1139,821,318,57,39,18
  黎族                        ,68856,36377,32479,61111,32348,28763,106,78,28,1189,567,622,206,131,75,148,97,51,41,26,15,471,349,122,1339,440,899,170,100,70,20,11,9,796,253,543,384,149,235,1441,885,556,44,24,20,1206,814,392,184,105,79
  傈僳族                      ,39713,20673,19040,37713,19380,18333,117,108,9,184,125,59,43,32,11,49,39,10,8,7,1,136,110,26,350,123,227,48,35,13,2,1,1,89,47,42,120,57,63,410,269,141,8,6,2,416,319,97,20,15,5
  佤族                        ,24193,12584,11609,22507,11573,10934,51,36,15,287,161,126,39,28,11,49,41,8,7,7,          ,125,97,28,243,81,162,23,17,6,          ,          ,          ,132,43,89,74,33,41,338,218,120,7,5,2,302,236,66,9,8,1
  畲族                        ,37691,22395,15296,27002,15522,11480,343,288,55,3782,2205,1577,149,120,29,1211,1119,92,16,13,3,733,666,67,1722,878,844,104,58,46,24,14,10,736,341,395,292,152,140,884,493,391,17,14,3,631,479,152,45,33,12
  高山族                      ,213,119,94,86,49,37,3,3,          ,34,18,16,5,3,2,8,7,1,1,1,          ,11,9,2,15,9,6,3,1,2,2,1,1,7,6,1,2,          ,2,16,5,11,1,          ,1,18,7,11,1,          ,1
  拉祜族                      ,28413,14911,13502,26841,14067,12774,37,27,10,252,146,106,27,20,7,67,50,17,11,10,1,126,98,28,268,78,190,39,21,18,2,2,          ,105,32,73,88,29,59,315,155,160,7,5,2,218,166,52,10,5,5
  水族                        ,23289,11970,11319,21115,10589,10526,106,92,14,616,384,232,26,21,5,84,70,14,4,3,1,127,94,33,316,127,189,41,12,29,6,4,2,95,48,47,83,48,35,368,253,115,9,9,          ,284,210,74,9,6,3
  东乡族                      ,28845,14646,14199,27111,13326,13785,11,8,3,154,109,45,25,16,9,71,66,5,6,4,2,125,118,7,556,419,137,34,29,5,1,1,          ,54,40,14,72,36,36,180,122,58,4,3,1,431,340,91,10,9,1
  纳西族                      ,18947,9607,9340,14633,7284,7349,40,33,7,530,311,219,133,95,38,139,106,33,36,30,6,288,215,73,868,318,550,134,70,64,8,2,6,583,264,319,208,67,141,621,330,291,44,29,15,666,444,222,16,9,7
  景颇族                      ,7666,3832,3834,6910,3457,3453,19,15,4,132,69,63,19,10,9,3,3,          ,2,2,          ,29,24,5,107,28,79,8,4,4,1,          ,1,82,16,66,40,14,26,137,63,74,2,1,1,171,125,46,4,1,3
  柯尔柯孜族                  ,8915,5108,3807,7586,4273,3313,45,37,8,48,25,23,14,10,4,7,5,2,7,5,2,59,54,5,182,86,96,17,12,5,          ,          ,          ,38,20,18,114,47,67,468,283,185,15,5,10,303,235,68,12,11,1
  土族                        ,14127,7295,6832,11746,5836,5910,89,70,19,662,381,281,45,30,15,109,93,16,19,17,2,100,78,22,243,114,129,53,28,25,4,1,3,131,56,75,112,41,71,406,260,146,12,8,4,381,270,111,15,12,3
  达斡尔族                      ,5652,3281,2371,3014,1860,1154,71,65,6,354,208,146,65,41,24,93,82,11,10,7,3,217,158,59,439,188,251,71,42,29,19,9,10,198,103,95,152,54,98,422,138,284,28,11,17,462,294,168,37,21,16
  仫佬族                      ,11446,6169,5277,8184,4331,3853,182,155,27,937,500,437,61,44,17,188,165,23,9,5,4,216,151,65,646,261,385,62,41,21,15,10,5,176,92,84,89,28,61,359,171,188,16,8,8,284,195,89,22,12,10
  羌族                        ,18132,9306,8826,15335,7650,7685,56,50,6,416,239,177,101,71,30,71,61,10,4,3,1,266,231,35,574,221,353,76,48,28,11,9,2,232,120,112,147,68,79,386,215,171,20,15,5,426,298,128,11,7,4
  布朗族                      ,5429,2879,2550,5091,2661,2430,6,5,1,70,44,26,4,3,1,9,8,1,          ,          ,          ,26,23,3,47,18,29,4,4,          ,2,1,1,18,5,13,13,5,8,61,38,23,          ,          ,          ,73,62,11,5,2,3
  撒拉族                      ,5441,2863,2578,4463,2140,2323,11,11,          ,126,88,38,30,27,3,54,49,5,4,4,          ,139,132,7,317,208,109,15,13,2,2,1,1,46,28,18,33,18,15,59,31,28,          ,          ,          ,138,110,28,4,3,1
  毛南族                      ,6297,3386,2911,5012,2653,2359,93,66,27,329,170,159,20,14,6,68,56,12,2,          ,2,76,59,17,175,56,119,21,13,8,4,3,1,56,21,35,53,20,33,231,136,95,5,4,1,146,110,36,6,5,1
  仡佬族                      ,31831,17255,14576,26677,14025,12652,110,98,12,1364,790,574,93,63,30,312,287,25,18,13,5,315,260,55,858,370,488,79,41,38,14,13,1,213,102,111,233,114,119,768,489,279,15,11,4,736,564,172,26,15,11
  锡伯族                      ,11278,6396,4882,7274,4145,3129,88,69,19,1012,559,453,100,69,31,155,137,18,24,22,2,347,275,72,639,260,379,125,59,66,19,12,7,251,152,99,173,58,115,498,190,308,47,27,20,491,336,155,35,26,9
  阿昌族                      ,1906,959,947,1710,830,880,4,3,1,43,35,8,3,3,          ,4,4,          ,          ,          ,          ,14,13,1,30,16,14,          ,          ,          ,1,1,          ,10,3,7,10,4,6,36,20,16,          ,          ,          ,40,27,13,1,          ,1
  普米族                      ,2040,1032,1008,1795,868,927,14,13,1,19,11,8,1,1,          ,          ,          ,          ,2,2,          ,21,19,2,48,22,26,3,3,          ,          ,          ,          ,20,11,9,15,8,7,45,30,15,2,          ,2,53,42,11,2,2,          
  塔吉克族                    ,2343,1328,1015,1879,1004,875,2,2,          ,35,20,15,10,7,3,4,4,          ,3,1,2,13,11,2,44,29,15,8,5,3,          ,          ,          ,10,4,6,46,27,19,136,85,51,1,          ,1,151,128,23,1,1,          
  怒族                        ,1655,844,811,1462,747,715,4,4,          ,11,5,6,2,1,1,4,4,          ,          ,          ,          ,13,11,2,43,15,28,2,1,1,          ,          ,          ,10,2,8,15,6,9,37,22,15,          ,          ,          ,49,24,25,3,2,1
  乌孜别克族                  ,504,344,160,175,126,49,1,1,          ,47,32,15,6,4,2,5,3,2,1,1,          ,11,10,1,80,68,12,9,5,4,          ,          ,          ,21,15,6,16,7,9,59,22,37,          ,          ,          ,67,45,22,6,5,1
  俄罗斯族                    ,604,318,286,128,83,45,16,10,6,68,33,35,21,10,11,13,10,3,2,2,          ,53,34,19,93,41,52,16,6,10,3,2,1,46,24,22,20,4,16,51,17,34,8,5,3,52,25,27,14,12,2
  鄂温克族                    ,1273,709,564,730,427,303,9,7,2,51,28,23,8,5,3,14,12,2,4,3,1,29,23,6,78,31,47,17,9,8,1,1,          ,43,19,24,41,13,28,91,32,59,1,          ,1,150,96,54,6,3,3
  德昂族                      ,1031,513,518,977,487,490,          ,          ,          ,9,2,7,1,1,          ,          ,          ,          ,          ,          ,          ,4,4,          ,12,2,10,          ,          ,          ,          ,          ,          ,3,1,2,1,1,          ,11,5,6,          ,          ,          ,12,10,2,1,          ,1
  保安族                      ,940,485,455,792,382,410,          ,          ,          ,21,15,6,3,2,1,3,3,          ,          ,          ,          ,10,8,2,31,20,11,2,2,          ,          ,          ,          ,4,2,2,12,6,6,11,6,5,1,          ,1,49,39,10,1,          ,1
  裕固族                      ,774,391,383,590,290,300,10,6,4,14,9,5,6,2,4,10,6,4,3,3,          ,17,15,2,32,9,23,2,1,1,2,1,1,9,5,4,17,7,10,25,10,15,          ,          ,          ,37,27,10,          ,          ,          
  京族                        ,1105,581,524,554,291,263,16,14,2,59,31,28,14,9,5,18,15,3,1,1,          ,52,34,18,174,74,100,14,6,8,2,          ,2,26,9,17,27,8,19,52,22,30,1,          ,1,85,59,26,10,8,2
  塔塔尔族                    ,175,102,73,57,40,17,5,3,2,6,2,4,2,2,          ,2,1,1,          ,          ,          ,8,6,2,22,12,10,4,3,1,1,          ,1,4,3,1,12,6,6,32,11,21,          ,          ,          ,16,11,5,4,2,2
  独龙族                      ,2307,1198,1109,2165,1106,1059,2,2,          ,9,4,5,4,4,          ,3,3,          ,          ,          ,          ,9,8,1,34,11,23,1,1,          ,          ,          ,          ,6,5,1,12,8,4,29,18,11,          ,          ,          ,33,28,5,          ,          ,          
  鄂伦春族                    ,305,163,142,122,69,53,4,3,1,22,15,7,2,2,          ,4,1,3,1,1,          ,16,13,3,25,10,15,6,3,3,1,          ,1,7,4,3,12,3,9,22,6,16,1,          ,1,58,31,27,2,2,          
  赫哲族                      ,249,133,116,98,64,34,2,1,1,21,13,8,5,2,3,6,5,1,1,1,          ,17,7,10,22,8,14,2,          ,2,1,1,          ,14,9,5,15,3,12,14,3,11,          ,          ,          ,29,16,13,2,          ,2
  门巴族                      ,449,243,206,370,196,174,          ,          ,          ,3,2,1,1,1,          ,4,4,          ,          ,          ,          ,5,3,2,9,5,4,3,2,1,          ,          ,          ,2,          ,2,8,1,7,13,11,2,          ,          ,          ,31,18,13,          ,          ,          
  珞巴族                      ,125,60,65,109,51,58,1,1,          ,          ,          ,          ,1,1,          ,          ,          ,          ,          ,          ,          ,1,1,          ,1,          ,1,          ,          ,          ,          ,          ,          ,1,          ,1,4,1,3,2,1,1,          ,          ,          ,5,4,1,          ,          ,          
  基诺族                      ,1213,641,572,1005,535,470,2,2,          ,20,9,11,5,2,3,6,5,1,1,1,          ,15,11,4,46,11,35,6,6,          ,          ,          ,          ,27,6,21,9,2,7,40,26,14,1,          ,1,30,25,5,          ,          ,          
  其他未识别的民族            ,40432,21302,19130,36444,18688,17756,331,284,47,1009,569,440,56,34,22,193,168,25,9,7,2,232,209,23,697,301,396,51,34,17,4,1,3,161,101,60,139,69,70,630,471,159,7,4,3,446,341,105,23,21,2
  外国人加入中国籍,46,17,29,29,5,24,          ,          ,          ,4,4,          ,          ,          ,          ,          ,          ,          ,          ,          ,          ,3,3,          ,4,2,2,          ,          ,          ,          ,          ,          ,3,2,1,3,1,2,          ,          ,          ,          ,          ,          ,          ,          ,          ,          ,          ,          
,,,,,,,,,,,,,,,,,,,,,,,,,,,,,,,,,,,,,,,,,,,,,,,,,,,
,,,,,,,,,,,,,,,,,,,,,,,,,,,,,,,,,,,,,,,,,,,,,,,,,,,
　　,,,,,,,,,,,,,,,,,,,,,,,,,,,,,,,,,,,,,,,,,,,,,,,,,,,
表2—2    全国各民族分性别、职业的人口,,,,,,,,,,,,,,,,,,,,,,,,,,,,,,,,,,,,,,,,,,,,,,,,,,,
,,,,,,,,,,,,,,,,,,,,,    ,        ,                  ,                      ,,,,,,,,,,,,,,,,,,,,,,,,,,,
,,,,,,,,,,,,,,,,,,,,,,,,单位:人,,,,,,,,,,,,,,,,,,,,,,,,,,,
民     族,合      计,,,一、国家机关、党群组织、企业、事业单位负责人,,,二、专业技术人员,,,三、办事人员和有关人员,,,四、商业、服务业人员,,,五、农、林、牧、渔、水利业生产人员,,,六、生产、运输设备操作人员及有关人员,,,七、不便分类的其他劳动者,,,,,,,,,,,,,,,,,,,,,,,,,,,,,
,合计,男,女,小计,男,女,小计,男,女,小计,男,女,小计,男,女,小计,男,女,小计,男,女,小计,男,女,,,,,,,,,,,,,,,,,,,,,,,,,,,
,,,,,,,,,,,,,,,,,,,,,,,,,,,,,,,,,,,,,,,,,,,,,,,,,,,
  合      计,66874889,36550882,30324007,1115723,928812,186911,3814175,1841077,1973098,2071048,1444312,626736,6136967,3068981,3067986,43107741,22193028,20914713,10584962,7046429,3538533,44273,28243,16030,,,,,,,,,,,,,,,,,,,,,,,,,,,
,,,,,,,,,,,,,,,,,,,,,,,,,,,,,,,,,,,,,,,,,,,,,,,,,,,
  汉族                        ,61015128,33419773,27595355,1050440,875153,175287,3539252,1701356,1837896,1948930,1358766,590164,5811538,2917690,2893848,38491915,19809225,18682690,10132797,6731993,3400804,40256,25590,14666,,,,,,,,,,,,,,,,,,,,,,,,,,,
  蒙古族                      ,309510,164673,144837,6884,5349,1535,25663,10752,14911,11318,7400,3918,20960,8468,12492,218963,114263,104700,25554,18341,7213,168,100,68,,,,,,,,,,,,,,,,,,,,,,,,,,,
  回族                        ,489307,269312,219995,10890,8565,2325,30744,13403,17341,18998,12567,6431,67595,35422,32173,291584,148854,142730,69123,50223,18900,373,278,95,,,,,,,,,,,,,,,,,,,,,,,,,,,
  藏族                        ,290824,149034,141790,2906,2484,422,15382,9811,5571,5288,3433,1855,7311,3439,3872,252248,124514,127734,7476,5206,2270,213,147,66,,,,,,,,,,,,,,,,,,,,,,,,,,,
  维吾尔族                    ,450784,246173,204611,3773,3216,557,24153,11063,13090,8757,6050,2707,24742,16610,8132,362210,190119,172091,26549,18645,7904,600,470,130,,,,,,,,,,,,,,,,,,,,,,,,,,,
  苗族                        ,505894,264789,241105,2740,2383,357,13501,8106,5395,5749,4263,1486,14703,6229,8474,439298,224078,215220,29656,19578,10078,247,152,95,,,,,,,,,,,,,,,,,,,,,,,,,,,
  彝族                        ,468497,241444,227053,2722,2406,316,11814,7082,4732,5100,3875,1225,10469,3820,6649,424172,213435,210737,14151,10779,3372,69,47,22,,,,,,,,,,,,,,,,,,,,,,,,,,,
  壮族                        ,963389,501665,461724,6021,5090,931,37651,21032,16619,15667,11670,3997,48610,19996,28614,770301,391912,378389,83910,51221,32689,1229,744,485,,,,,,,,,,,,,,,,,,,,,,,,,,,
  布依族                      ,166212,85964,80248,1042,907,135,4655,2700,1955,2083,1574,509,4268,1758,2510,145884,73510,72374,8227,5483,2744,53,32,21,,,,,,,,,,,,,,,,,,,,,,,,,,,
  朝鲜族                      ,86436,47961,38475,3175,2428,747,10356,4496,5860,4612,3138,1474,14736,5693,9043,40571,22602,17969,12800,9488,3312,186,116,70,,,,,,,,,,,,,,,,,,,,,,,,,,,
  满族                        ,580815,334445,246370,12287,9805,2482,39730,17712,22018,18807,12978,5829,50109,24235,25874,382533,210882,171651,77105,58652,18453,244,181,63,,,,,,,,,,,,,,,,,,,,,,,,,,,
  侗族                        ,164557,88689,75868,1304,1135,169,6386,3579,2807,2465,1836,629,6530,2691,3839,134303,70858,63445,13488,8538,4950,81,52,29,,,,,,,,,,,,,,,,,,,,,,,,,,,
  瑶族                        ,158835,85015,73820,1113,946,167,5269,2889,2380,2259,1606,653,4973,2064,2909,135467,71549,63918,9603,5887,3716,151,74,77,,,,,,,,,,,,,,,,,,,,,,,,,,,
  白族                        ,106982,55126,51856,1145,1016,129,5547,2942,2605,2335,1721,614,5816,2396,3420,84779,41390,43389,7330,5646,1684,30,15,15,,,,,,,,,,,,,,,,,,,,,,,,,,,
  土家族                      ,451155,239714,211441,3664,3157,507,17880,10271,7609,7960,5812,2148,21772,9596,12176,361319,184484,176835,38405,26288,12117,155,106,49,,,,,,,,,,,,,,,,,,,,,,,,,,,
  哈尼族                      ,83894,43565,40329,423,382,41,1929,1163,766,752,581,171,2180,671,1509,75933,38687,37246,2672,2078,594,5,3,2,,,,,,,,,,,,,,,,,,,,,,,,,,,
  哈萨克族                    ,57308,35493,21815,1071,929,142,5540,2731,2809,1806,1274,532,1926,781,1145,44197,27832,16365,2744,1931,813,24,15,9,,,,,,,,,,,,,,,,,,,,,,,,,,,
  傣族                        ,69512,35632,33880,439,369,70,2046,980,1066,792,547,245,2605,763,1842,61836,31717,30119,1781,1247,534,13,9,4,,,,,,,,,,,,,,,,,,,,,,,,,,,
  黎族                        ,68856,36377,32479,389,331,58,2210,1265,945,1047,749,298,2214,632,1582,61075,32265,28810,1852,1103,749,69,32,37,,,,,,,,,,,,,,,,,,,,,,,,,,,
  傈僳族                      ,39713,20673,19040,155,138,17,689,430,259,245,194,51,460,156,304,37674,19346,18328,485,406,79,5,3,2,,,,,,,,,,,,,,,,,,,,,,,,,,,
  佤族                        ,24193,12584,11609,139,126,13,543,345,198,182,142,40,365,100,265,22502,11565,10937,459,305,154,3,1,2,,,,,,,,,,,,,,,,,,,,,,,,,,,
  畲族                        ,37691,22395,15296,317,274,43,1479,828,651,634,472,162,2514,1191,1323,27171,15629,11542,5563,3991,1572,13,10,3,,,,,,,,,,,,,,,,,,,,,,,,,,,
  高山族                      ,213,119,94,19,9,10,29,6,23,16,12,4,26,16,10,85,48,37,38,28,10,          ,          ,          ,,,,,,,,,,,,,,,,,,,,,,,,,,,
  拉祜族                      ,28413,14911,13502,111,97,14,520,246,274,156,121,35,408,129,279,26827,14052,12775,388,263,125,3,3,          ,,,,,,,,,,,,,,,,,,,,,,,,,,,
  水族                        ,23289,11970,11319,109,91,18,553,347,206,252,187,65,427,169,258,21108,10580,10528,837,594,243,3,2,1,,,,,,,,,,,,,,,,,,,,,,,,,,,
  东乡族                      ,28845,14646,14199,136,128,8,421,292,129,229,157,72,614,463,151,27104,13322,13782,332,275,57,9,9,          ,,,,,,,,,,,,,,,,,,,,,,,,,,,
  纳西族                      ,18947,9607,9340,216,180,36,1244,603,641,700,483,217,1307,412,895,14547,7234,7313,932,694,238,1,1,          ,,,,,,,,,,,,,,,,,,,,,,,,,,,
  景颇族                      ,7666,3832,3834,49,42,7,191,88,103,119,86,33,214,53,161,6905,3458,3447,186,104,82,2,1,1,,,,,,,,,,,,,,,,,,,,,,,,,,,
  柯尔柯孜族                  ,8915,5108,3807,130,107,23,713,414,299,151,113,38,235,119,116,7508,4215,3293,178,140,38,          ,          ,          ,,,,,,,,,,,,,,,,,,,,,,,,,,,
  土族                        ,14127,7295,6832,96,79,17,712,405,307,327,229,98,395,178,217,11729,5818,5911,864,582,282,4,4,          ,,,,,,,,,,,,,,,,,,,,,,,,,,,
  达斡尔族                      ,5652,3281,2371,208,155,53,748,234,514,450,283,167,607,259,348,2950,1823,1127,684,523,161,5,4,1,,,,,,,,,,,,,,,,,,,,,,,,,,,
  仫佬族                      ,11446,6169,5277,126,98,28,596,281,315,299,204,95,829,349,480,8175,4324,3851,1403,902,501,18,11,7,,,,,,,,,,,,,,,,,,,,,,,,,,,
  羌族                        ,18132,9306,8826,168,144,24,749,404,345,324,211,113,776,295,481,15304,7626,7678,802,620,182,9,6,3,,,,,,,,,,,,,,,,,,,,,,,,,,,
  布朗族                      ,5429,2879,2550,20,17,3,107,71,36,46,36,10,75,26,49,5089,2656,2433,90,71,19,2,2,          ,,,,,,,,,,,,,,,,,,,,,,,,,,,
  撒拉族                      ,5441,2863,2578,78,65,13,158,97,61,85,66,19,446,310,136,4451,2132,2319,222,192,30,1,1,          ,,,,,,,,,,,,,,,,,,,,,,,,,,,
  毛南族                      ,6297,3386,2911,53,45,8,349,198,151,127,91,36,266,93,173,5008,2646,2362,491,312,179,3,1,2,,,,,,,,,,,,,,,,,,,,,,,,,,,
  仡佬族                      ,31831,17255,14576,333,298,35,1319,761,558,540,402,138,1065,436,629,26629,13998,12631,1941,1357,584,4,3,1,,,,,,,,,,,,,,,,,,,,,,,,,,,
  锡伯族                      ,11278,6396,4882,280,207,73,1085,426,659,484,330,154,901,394,507,7241,4131,3110,1283,905,378,4,3,1,,,,,,,,,,,,,,,,,,,,,,,,,,,
  阿昌族                      ,1906,959,947,16,15,1,71,35,36,20,14,6,41,20,21,1704,826,878,52,47,5,2,2,          ,,,,,,,,,,,,,,,,,,,,,,,,,,,
  普米族                      ,2040,1032,1008,21,19,2,71,49,22,42,36,6,65,27,38,1794,868,926,47,33,14,          ,          ,          ,,,,,,,,,,,,,,,,,,,,,,,,,,,
  塔吉克族                    ,2343,1328,1015,60,54,6,226,148,78,60,47,13,59,31,28,1870,992,878,68,56,12,          ,          ,          ,,,,,,,,,,,,,,,,,,,,,,,,,,,
  怒族                        ,1655,844,811,18,11,7,70,35,35,27,17,10,46,12,34,1464,747,717,30,22,8,          ,          ,          ,,,,,,,,,,,,,,,,,,,,,,,,,,,
  乌孜别克族                  ,504,344,160,22,17,5,98,41,57,49,34,15,97,81,16,174,123,51,64,48,16,          ,          ,          ,,,,,,,,,,,,,,,,,,,,,,,,,,,
  俄罗斯族                    ,604,318,286,34,22,12,113,33,80,75,38,37,119,44,75,120,79,41,143,102,41,          ,          ,          ,,,,,,,,,,,,,,,,,,,,,,,,,,,
  鄂温克族                    ,1273,709,564,49,39,10,160,46,114,111,71,40,136,59,77,717,420,297,97,71,26,3,3,          ,,,,,,,,,,,,,,,,,,,,,,,,,,,
  德昂族                      ,1031,513,518,8,8,          ,14,8,6,4,3,1,18,5,13,975,485,490,12,4,8,          ,          ,          ,,,,,,,,,,,,,,,,,,,,,,,,,,,
  保安族                      ,940,485,455,11,11,          ,33,16,17,29,21,8,36,23,13,798,385,413,30,26,4,3,3,          ,,,,,,,,,,,,,,,,,,,,,,,,,,,
  裕固族                      ,774,391,383,24,20,4,53,21,32,24,17,7,43,12,31,590,292,298,40,29,11,          ,          ,          ,,,,,,,,,,,,,,,,,,,,,,,,,,,
  京族                        ,1105,581,524,31,26,5,102,41,61,70,43,27,213,90,123,555,289,266,132,90,42,2,2,          ,,,,,,,,,,,,,,,,,,,,,,,,,,,
  塔塔尔族                    ,175,102,73,4,3,1,50,22,28,15,8,7,28,16,12,55,38,17,23,15,8,          ,          ,          ,,,,,,,,,,,,,,,,,,,,,,,,,,,
  独龙族                      ,2307,1198,1109,21,19,2,50,34,16,12,10,2,41,14,27,2163,1106,1057,20,15,5,          ,          ,          ,,,,,,,,,,,,,,,,,,,,,,,,,,,
  鄂伦春族                    ,305,163,142,16,10,6,45,12,33,47,26,21,35,15,20,121,68,53,41,32,9,          ,          ,          ,,,,,,,,,,,,,,,,,,,,,,,,,,,
  赫哲族                      ,249,133,116,15,9,6,40,9,31,28,11,17,32,13,19,94,60,34,40,31,9,          ,          ,          ,,,,,,,,,,,,,,,,,,,,,,,,,,,
  门巴族                      ,449,243,206,17,12,5,30,18,12,8,3,5,17,7,10,367,194,173,10,9,1,          ,          ,          ,,,,,,,,,,,,,,,,,,,,,,,,,,,
  珞巴族                      ,125,60,65,          ,          ,          ,5,2,3,4,3,1,4,1,3,111,53,58,1,1,          ,          ,          ,          ,,,,,,,,,,,,,,,,,,,,,,,,,,,
  基诺族                      ,1213,641,572,8,7,1,67,40,27,31,23,8,72,16,56,1000,531,469,35,24,11,          ,          ,          ,,,,,,,,,,,,,,,,,,,,,,,,,,,
  其他未识别的民族            ,40432,21302,19130,177,159,18,960,657,303,301,228,73,872,389,483,36445,18688,17757,1669,1176,493,8,5,3,,,,,,,,,,,,,,,,,,,,,,,,,,,
  外国人加入中国籍,46,17,29,          ,          ,          ,4,1,3,          ,          ,          ,6,4,2,29,5,24,7,7,          ,          ,          ,          ,,,,,,,,,,,,,,,,,,,,,,,,,,,
,,,,,,,,,,,,,,,,,,,,,,,,,,,,,,,,,,,,,,,,,,,,,,,,,,,
,,,,,,,,,,,,,,,,,,,,,,,,,,,,,,,,,,,,,,,,,,,,,,,,,,,
　　,,,,,,,,,,,,,,,,,,,,,,,,,,,,,,,,,,,,,,,,,,,,,,,,,,,
表2—3    全国各民族分性别的未工作人口,,,,,,,,,,,,,,,,,,,,,,,,,,,,,,,,,,,,,,,,,,,,,,,,,,,
,,,,,,,,,,,,,,,,,,,,,    ,        ,                  ,                      ,,,,,,,,,,,,,,,,,,,,,,,,,,,
,,,,,,,,,,,,,,,,,,,,,,,,单位:人,,,,,,,,,,,,,,,,,,,,,,,,,,,
民     族,未工作人口,,,在校学生,,,料理家务,,,离   退   休,,,丧失工作能力,,,从未工作正在找工作,,,失去工作正在找工作,,,其    他,,,,,,,,,,,,,,,,,,,,,,,,,,,,,
,合计,男,女,小计,男,女,小计,男,女,小计,男,女,小计,男,女,小计,男,女,小计,男,女,小计,男,女,,,,,,,,,,,,,,,,,,,,,,,,,,,
,,,,,,,,,,,,,,,,,,,,,,,,,,,,,,,,,,,,,,,,,,,,,,,,,,,
  合      计,23403664,9105603,14298061,4880557,2654457,2226100,7015953,611169,6404784,4129668,2274005,1855663,3657920,1575348,2082572,1317487,691720,625767,1162401,623811,538590,1239678,675093,564585,,,,,,,,,,,,,,,,,,,,,,,,,,,
,,,,,,,,,,,,,,,,,,,,,,,,,,,,,,,,,,,,,,,,,,,,,,,,,,,
  汉族                        ,21815504,8466970,13348534,4476328,2437901,2038427,6526213,548228,5977985,3942868,2162732,1780136,3394572,1460159,1934413,1218372,638606,579766,1107367,593659,513708,1149784,625685,524099,,,,,,,,,,,,,,,,,,,,,,,,,,,
  蒙古族                      ,119795,40116,79679,29468,14338,15130,42596,2136,40460,13149,7304,5845,15537,6653,8884,8390,4107,4283,5051,2595,2456,5604,2983,2621,,,,,,,,,,,,,,,,,,,,,,,,,,,
  回族                        ,212653,82486,130167,38939,20076,18863,58739,4281,54458,45502,22415,23087,27353,12233,15120,15305,8331,6974,13172,7090,6082,13643,8060,5583,,,,,,,,,,,,,,,,,,,,,,,,,,,
  藏族                        ,68778,25967,42811,11192,5806,5386,21715,3502,18213,4832,2837,1995,22086,8674,13412,1991,1099,892,370,208,162,6592,3841,2751,,,,,,,,,,,,,,,,,,,,,,,,,,,
  维吾尔族                    ,134794,51217,83577,45026,22438,22588,44595,4112,40483,14949,9209,5740,14662,6282,8380,8900,5089,3811,2321,1361,960,4341,2726,1615,,,,,,,,,,,,,,,,,,,,,,,,,,,
  苗族                        ,95496,42744,52752,26780,16330,10450,29363,5421,23942,6307,4735,1572,20625,9374,11251,4783,2732,2051,1862,1066,796,5776,3086,2690,,,,,,,,,,,,,,,,,,,,,,,,,,,
  彝族                        ,63113,27889,35224,18228,10333,7895,17351,3524,13827,5331,4048,1283,16622,7010,9612,1904,1006,898,906,548,358,2771,1420,1351,,,,,,,,,,,,,,,,,,,,,,,,,,,
  壮族                        ,215456,96510,118946,72807,40019,32788,63333,16041,47292,19209,12842,6367,31133,12181,18952,12290,6930,5360,5420,3045,2375,11264,5452,5812,,,,,,,,,,,,,,,,,,,,,,,,,,,
  布依族                      ,32223,14299,17924,8719,5174,3545,10694,2451,8243,2276,1695,581,6993,3159,3834,1476,782,694,547,301,246,1518,737,781,,,,,,,,,,,,,,,,,,,,,,,,,,,
  朝鲜族                      ,62346,25133,37213,11461,5744,5717,14834,729,14105,12572,6508,6064,5899,2170,3729,5312,3060,2252,5075,2986,2089,7193,3936,3257,,,,,,,,,,,,,,,,,,,,,,,,,,,
  满族                        ,229997,82336,147661,46397,23298,23099,75854,2257,73597,33579,19491,14088,32017,15501,16516,18431,8759,9672,12499,6701,5798,11220,6329,4891,,,,,,,,,,,,,,,,,,,,,,,,,,,
  侗族                        ,37390,16399,20991,10658,6250,4408,11960,1924,10036,3044,2284,760,6920,3255,3665,1770,1031,739,795,434,361,2243,1221,1022,,,,,,,,,,,,,,,,,,,,,,,,,,,
  瑶族                        ,29225,13263,15962,9760,5589,4171,8911,2244,6667,1698,1183,515,5156,2295,2861,1724,974,750,538,272,266,1438,706,732,,,,,,,,,,,,,,,,,,,,,,,,,,,
  白族                        ,24527,11208,13319,6652,3429,3223,6743,1657,5086,3503,2488,1015,5354,2377,2977,790,439,351,498,291,207,987,527,460,,,,,,,,,,,,,,,,,,,,,,,,,,,
  土家族                      ,102715,45134,57581,25151,14445,10706,29415,4505,24910,8460,6309,2151,24185,11223,12962,5401,3043,2358,2733,1482,1251,7370,4127,3243,,,,,,,,,,,,,,,,,,,,,,,,,,,
  哈尼族                      ,13533,5864,7669,3726,2184,1542,4224,991,3233,849,538,311,2892,1245,1647,536,299,237,214,121,93,1092,486,606,,,,,,,,,,,,,,,,,,,,,,,,,,,
  哈萨克族                    ,34425,10810,23615,7987,3832,4155,16186,1372,14814,2452,1610,842,2832,1264,1568,3526,1880,1646,597,354,243,845,498,347,,,,,,,,,,,,,,,,,,,,,,,,,,,
  傣族                        ,13585,5475,8110,3143,1594,1549,5232,1482,3750,799,468,331,3010,1228,1782,378,186,192,202,87,115,821,430,391,,,,,,,,,,,,,,,,,,,,,,,,,,,
  黎族                        ,15720,6974,8746,6206,3382,2824,2924,525,2399,1139,520,619,2329,877,1452,1765,1000,765,479,224,255,878,446,432,,,,,,,,,,,,,,,,,,,,,,,,,,,
  傈僳族                      ,4396,2037,2359,1162,711,451,1077,254,823,305,245,60,1515,659,856,148,73,75,27,19,8,162,76,86,,,,,,,,,,,,,,,,,,,,,,,,,,,
  佤族                        ,3028,1269,1759,769,444,325,971,212,759,221,147,74,716,288,428,126,59,67,49,30,19,176,89,87,,,,,,,,,,,,,,,,,,,,,,,,,,,
  畲族                        ,12906,4713,8193,2178,1206,972,5311,416,4895,650,509,141,2708,1459,1249,995,520,475,319,192,127,745,411,334,,,,,,,,,,,,,,,,,,,,,,,,,,,
  高山族                      ,93,44,49,32,14,18,12,2,10,30,21,9,3,1,2,4,2,2,6,2,4,6,2,4,,,,,,,,,,,,,,,,,,,,,,,,,,,
  拉祜族                      ,3690,1557,2133,884,479,405,1101,290,811,240,127,113,1153,506,647,117,64,53,39,22,17,156,69,87,,,,,,,,,,,,,,,,,,,,,,,,,,,
  水族                        ,3561,1742,1819,1357,846,511,775,163,612,209,161,48,845,366,479,175,109,66,54,23,31,146,74,72,,,,,,,,,,,,,,,,,,,,,,,,,,,
  东乡族                      ,4275,1859,2416,799,557,242,1164,121,1043,121,91,30,1723,773,950,164,98,66,20,12,8,284,207,77,,,,,,,,,,,,,,,,,,,,,,,,,,,
  纳西族                      ,4304,1975,2329,1124,563,561,1014,231,783,1026,659,367,764,325,439,136,61,75,99,63,36,141,73,68,,,,,,,,,,,,,,,,,,,,,,,,,,,
  景颇族                      ,1293,522,771,459,235,224,285,45,240,92,53,39,282,103,179,57,24,33,30,18,12,88,44,44,,,,,,,,,,,,,,,,,,,,,,,,,,,
  柯尔柯孜族                  ,3838,1385,2453,1151,572,579,1498,171,1327,372,266,106,567,240,327,164,80,84,28,19,9,58,37,21,,,,,,,,,,,,,,,,,,,,,,,,,,,
  土族                        ,2937,1306,1631,1013,536,477,859,180,679,200,159,41,593,268,325,125,74,51,50,27,23,97,62,35,,,,,,,,,,,,,,,,,,,,,,,,,,,
  达斡尔族                      ,3768,1372,2396,760,360,400,1200,28,1172,547,292,255,354,168,186,404,216,188,173,102,71,330,206,124,,,,,,,,,,,,,,,,,,,,,,,,,,,
  仫佬族                      ,3280,1453,1827,971,526,445,1110,285,825,276,178,98,372,163,209,266,154,112,101,53,48,184,94,90,,,,,,,,,,,,,,,,,,,,,,,,,,,
  羌族                        ,2988,1262,1726,943,505,438,924,191,733,225,141,84,588,266,322,104,54,50,68,37,31,136,68,68,,,,,,,,,,,,,,,,,,,,,,,,,,,
  布朗族                      ,779,348,431,186,108,78,297,92,205,29,22,7,190,82,108,28,13,15,5,4,1,44,27,17,,,,,,,,,,,,,,,,,,,,,,,,,,,
  撒拉族                      ,1454,636,818,284,200,84,564,101,463,65,52,13,384,179,205,55,34,21,9,6,3,93,64,29,,,,,,,,,,,,,,,,,,,,,,,,,,,
  毛南族                      ,1339,623,716,414,210,204,394,117,277,141,103,38,175,77,98,82,46,36,35,22,13,98,48,50,,,,,,,,,,,,,,,,,,,,,,,,,,,
  仡佬族                      ,6504,3115,3389,2129,1305,824,1698,264,1434,424,337,87,1542,798,744,243,136,107,127,75,52,341,200,141,,,,,,,,,,,,,,,,,,,,,,,,,,,
  锡伯族                      ,4474,1797,2677,1191,567,624,1092,69,1023,815,483,332,519,268,251,372,162,210,283,135,148,202,113,89,,,,,,,,,,,,,,,,,,,,,,,,,,,
  阿昌族                      ,300,138,162,91,54,37,86,20,66,13,10,3,81,36,45,7,5,2,2,          ,2,20,13,7,,,,,,,,,,,,,,,,,,,,,,,,,,,
  普米族                      ,381,171,210,133,80,53,82,14,68,21,15,6,114,46,68,14,5,9,4,3,1,13,8,5,,,,,,,,,,,,,,,,,,,,,,,,,,,
  塔吉克族                    ,1147,422,725,213,137,76,510,55,455,140,105,35,165,59,106,106,62,44,4,2,2,9,2,7,,,,,,,,,,,,,,,,,,,,,,,,,,,
  怒族                        ,254,125,129,102,60,42,45,12,33,26,23,3,60,21,39,12,6,6,2,1,1,7,2,5,,,,,,,,,,,,,,,,,,,,,,,,,,,
  乌孜别克族                  ,496,207,289,95,48,47,174,16,158,100,56,44,14,6,8,63,43,20,13,10,3,37,28,9,,,,,,,,,,,,,,,,,,,,,,,,,,,
  俄罗斯族                    ,543,182,361,126,49,77,114,1,113,154,54,100,21,4,17,43,27,16,55,29,26,30,18,12,,,,,,,,,,,,,,,,,,,,,,,,,,,
  鄂温克族                    ,778,276,502,174,89,85,266,7,259,101,46,55,46,23,23,94,56,38,35,15,20,62,40,22,,,,,,,,,,,,,,,,,,,,,,,,,,,
  德昂族                      ,168,64,104,45,21,24,56,19,37,3,1,2,52,16,36,6,4,2,2,1,1,4,2,2,,,,,,,,,,,,,,,,,,,,,,,,,,,
  保安族                      ,155,69,86,30,19,11,45,6,39,7,6,1,54,28,26,6,2,4,2,1,1,11,7,4,,,,,,,,,,,,,,,,,,,,,,,,,,,
  裕固族                      ,214,78,136,51,31,20,71,2,69,27,19,8,38,15,23,9,1,8,7,2,5,11,8,3,,,,,,,,,,,,,,,,,,,,,,,,,,,
  京族                        ,480,173,307,140,76,64,130,7,123,70,28,42,52,21,31,43,22,21,18,6,12,27,13,14,,,,,,,,,,,,,,,,,,,,,,,,,,,
  塔塔尔族                    ,139,58,81,32,18,14,35,3,32,35,16,19,3,1,2,24,15,9,6,4,2,4,1,3,,,,,,,,,,,,,,,,,,,,,,,,,,,
  独龙族                      ,461,204,257,141,80,61,89,11,78,46,40,6,156,56,100,12,8,4,4,3,1,13,6,7,,,,,,,,,,,,,,,,,,,,,,,,,,,
  鄂伦春族                    ,234,76,158,57,24,33,74,          ,74,25,12,13,10,7,3,21,13,8,14,8,6,33,12,21,,,,,,,,,,,,,,,,,,,,,,,,,,,
  赫哲族                      ,145,55,90,47,23,24,34,          ,34,19,12,7,6,2,4,15,6,9,6,2,4,18,10,8,,,,,,,,,,,,,,,,,,,,,,,,,,,
  门巴族                      ,142,58,84,49,25,24,48,11,37,6,3,3,18,10,8,4,1,3,          ,          ,          ,17,8,9,,,,,,,,,,,,,,,,,,,,,,,,,,,
  珞巴族                      ,41,11,30,7,1,6,19,3,16,2,2,          ,6,1,5,1,1,          ,2,1,1,4,2,2,,,,,,,,,,,,,,,,,,,,,,,,,,,
  基诺族                      ,249,93,156,83,35,48,67,16,51,19,7,12,39,13,26,12,7,5,8,4,4,21,11,10,,,,,,,,,,,,,,,,,,,,,,,,,,,
  其他未识别的民族            ,7091,3319,3772,2504,1479,1025,1761,351,1410,326,279,47,1800,834,966,183,103,80,48,32,16,469,241,228,,,,,,,,,,,,,,,,,,,,,,,,,,,
  外国人加入中国籍,64,15,49,3,2,1,19,1,18,22,9,13,15,          ,15,3,1,2,1,1,          ,1,1,          ,,,,,,,,,,,,,,,,,,,,,,,,,,,
,,,,,,,,,,,,,,,,,,,,,,,,,,,,,,,,,,,,,,,,,,,,,,,,,,,
,,,,,,,,,,,,,,,,,,,,,,,,,,,,,,,,,,,,,,,,,,,,,,,,,,,
　　,,,,,,,,,,,,,,,,,,,,,,,,,,,,,,,,,,,,,,,,,,,,,,,,,,,
表2—4    全国各民族分性别、婚姻状况的15岁及15岁以上人口,,,,,,,,,,,,,,,,,,,,,,,,,,,,,,,,,,,,,,,,,,,,,,,,,,,
,,,,,,,,,,,,,,,,,,    ,,,,,,,,,,,,,,,,,,,,,,,,,,,,,,,,,
,,,,,,,,,,,,,,,,,,单位:人,,,,,,,,,,,,,,,,,,,,,,,,,,,,,,,,,
民     族,15岁及15岁以上人口,,,未      婚,,,初婚有配偶,,,再婚有配偶,,,离      婚,,,丧      偶,,,,,,,,,,,,,,,,,,,,,,,,,,,,,,,,,,,
,合计,男,女,小计,男,女,小计,男,女,小计,男,女,小计,男,女,小计,男,女,,,,,,,,,,,,,,,,,,,,,,,,,,,,,,,,,
,,,,,,,,,,,,,,,,,,,,,,,,,,,,,,,,,,,,,,,,,,,,,,,,,,,
  合      计,90278552,45656484,44622068,18277910,10817786,7460124,64198186,31848919,32349267,1948189,910164,1038025,815199,510752,304447,5039068,1568863,3470205,,,,,,,,,,,,,,,,,,,,,,,,,,,,,,,,,
,,,,,,,,,,,,,,,,,,,,,,,,,,,,,,,,,,,,,,,,,,,,,,,,,,,
  汉族                        ,82830632,41886743,40943889,16483610,9732625,6750985,59325375,29489666,29835709,1670481,767606,902875,723136,460099,263037,4628030,1436747,3191283,,,,,,,,,,,,,,,,,,,,,,,,,,,,,,,,,
  蒙古族                      ,429305,204789,224516,109043,61145,47898,288754,132023,156731,8588,3513,5075,3847,2209,1638,19073,5899,13174,,,,,,,,,,,,,,,,,,,,,,,,,,,,,,,,,
  回族                        ,701960,351798,350162,148663,84285,64378,492031,243069,248962,20491,11199,9292,8769,4345,4424,32006,8900,23106,,,,,,,,,,,,,,,,,,,,,,,,,,,,,,,,,
  藏族                        ,359601,175000,184601,116037,64452,51585,201386,97231,104155,6833,3548,3285,8587,2347,6240,26758,7422,19336,,,,,,,,,,,,,,,,,,,,,,,,,,,,,,,,,
  维吾尔族                    ,585578,297390,288188,149337,89749,59588,275974,129112,146862,110358,61370,48988,24470,11611,12859,25439,5548,19891,,,,,,,,,,,,,,,,,,,,,,,,,,,,,,,,,
  苗族                        ,601390,307533,293857,131419,84447,46972,416916,200369,216547,15143,7122,8021,3779,2810,969,34133,12785,21348,,,,,,,,,,,,,,,,,,,,,,,,,,,,,,,,,
  彝族                        ,531610,269333,262277,125833,78764,47069,356634,171173,185461,13113,6651,6462,3643,2229,1414,32387,10516,21871,,,,,,,,,,,,,,,,,,,,,,,,,,,,,,,,,
  壮族                        ,1178845,598175,580670,321249,198790,122459,758190,363279,394911,18174,8476,9698,7390,5165,2225,73842,22465,51377,,,,,,,,,,,,,,,,,,,,,,,,,,,,,,,,,
  布依族                      ,198435,100263,98172,44202,27854,16348,135860,64606,71254,4470,2314,2156,1511,1144,367,12392,4345,8047,,,,,,,,,,,,,,,,,,,,,,,,,,,,,,,,,
  朝鲜族                      ,148782,73094,75688,33402,19839,13563,96003,46984,49019,5507,2501,3006,4377,2481,1896,9493,1289,8204,,,,,,,,,,,,,,,,,,,,,,,,,,,,,,,,,
  满族                        ,810812,416781,394031,169630,97252,72378,577269,292421,284848,19051,8559,10492,9503,5667,3836,35359,12882,22477,,,,,,,,,,,,,,,,,,,,,,,,,,,,,,,,,
  侗族                        ,201947,105088,96859,43302,27924,15378,139754,68595,71159,5566,2821,2745,1711,1273,438,11614,4475,7139,,,,,,,,,,,,,,,,,,,,,,,,,,,,,,,,,
  瑶族                        ,188060,98278,89782,53520,33877,19643,118805,58128,60677,3537,1508,2029,1233,892,341,10965,3873,7092,,,,,,,,,,,,,,,,,,,,,,,,,,,,,,,,,
  白族                        ,131509,66334,65175,28731,17085,11646,91319,44608,46711,3348,1678,1670,1098,611,487,7013,2352,4661,,,,,,,,,,,,,,,,,,,,,,,,,,,,,,,,,
  土家族                      ,553870,284848,269022,106552,67880,38672,392873,192243,200630,15073,6947,8126,4020,2923,1097,35352,14855,20497,,,,,,,,,,,,,,,,,,,,,,,,,,,,,,,,,
  哈尼族                      ,97427,49429,47998,20980,13688,7292,63105,29689,33416,6469,3478,2991,1082,723,359,5791,1851,3940,,,,,,,,,,,,,,,,,,,,,,,,,,,,,,,,,
  哈萨克族                    ,91733,46303,45430,32418,17740,14678,52544,25912,26632,1796,1048,748,715,430,285,4260,1173,3087,,,,,,,,,,,,,,,,,,,,,,,,,,,,,,,,,
  傣族                        ,83097,41107,41990,18118,10713,7405,55029,26452,28577,4416,2225,2191,1091,516,575,4443,1201,3242,,,,,,,,,,,,,,,,,,,,,,,,,,,,,,,,,
  黎族                        ,84576,43351,41225,28780,18379,10401,49672,23042,26630,1261,482,779,519,375,144,4344,1073,3271,,,,,,,,,,,,,,,,,,,,,,,,,,,,,,,,,
  傈僳族                      ,44109,22710,21399,10573,7008,3565,28943,13768,15175,1124,518,606,559,334,225,2910,1082,1828,,,,,,,,,,,,,,,,,,,,,,,,,,,,,,,,,
  佤族                        ,27221,13853,13368,6935,4610,2325,17410,8115,9295,1023,494,529,203,125,78,1650,509,1141,,,,,,,,,,,,,,,,,,,,,,,,,,,,,,,,,
  畲族                        ,50597,27108,23489,12288,7909,4379,33869,17237,16632,943,396,547,425,352,73,3072,1214,1858,,,,,,,,,,,,,,,,,,,,,,,,,,,,,,,,,
  高山族                      ,306,163,143,67,30,37,213,122,91,10,3,7,5,4,1,11,4,7,,,,,,,,,,,,,,,,,,,,,,,,,,,,,,,,,
  拉祜族                      ,32103,16468,15635,7314,5074,2240,20846,9745,11101,1580,728,852,381,248,133,1982,673,1309,,,,,,,,,,,,,,,,,,,,,,,,,,,,,,,,,
  水族                        ,26850,13712,13138,6538,4092,2446,17945,8564,9381,523,281,242,180,138,42,1664,637,1027,,,,,,,,,,,,,,,,,,,,,,,,,,,,,,,,,
  东乡族                      ,33120,16505,16615,6815,4018,2797,23231,11119,12112,1311,689,622,275,169,106,1488,510,978,,,,,,,,,,,,,,,,,,,,,,,,,,,,,,,,,
  纳西族                      ,23251,11582,11669,5348,3212,2136,15730,7537,8193,495,255,240,202,105,97,1476,473,1003,,,,,,,,,,,,,,,,,,,,,,,,,,,,,,,,,
  景颇族                      ,8959,4354,4605,2470,1483,987,5472,2551,2921,314,143,171,105,51,54,598,126,472,,,,,,,,,,,,,,,,,,,,,,,,,,,,,,,,,
  柯尔柯孜族                  ,12753,6493,6260,3934,2306,1628,6353,3060,3293,1466,831,635,386,166,220,614,130,484,,,,,,,,,,,,,,,,,,,,,,,,,,,,,,,,,
  土族                        ,17064,8601,8463,4121,2485,1636,11385,5444,5941,566,254,312,179,126,53,813,292,521,,,,,,,,,,,,,,,,,,,,,,,,,,,,,,,,,
  达斡尔族                      ,9420,4653,4767,2789,1628,1161,5642,2675,2967,347,132,215,157,84,73,485,134,351,,,,,,,,,,,,,,,,,,,,,,,,,,,,,,,,,
  仫佬族                      ,14726,7622,7104,4329,2695,1634,9205,4443,4762,309,146,163,128,90,38,755,248,507,,,,,,,,,,,,,,,,,,,,,,,,,,,,,,,,,
  羌族                        ,21120,10568,10552,4534,2912,1622,14908,7018,7890,435,166,269,132,83,49,1111,389,722,,,,,,,,,,,,,,,,,,,,,,,,,,,,,,,,,
  布朗族                      ,6208,3227,2981,1623,1037,586,3910,1906,2004,221,127,94,70,33,37,384,124,260,,,,,,,,,,,,,,,,,,,,,,,,,,,,,,,,,
  撒拉族                      ,6895,3499,3396,1415,882,533,4431,2144,2287,605,344,261,158,55,103,286,74,212,,,,,,,,,,,,,,,,,,,,,,,,,,,,,,,,,
  毛南族                      ,7636,4009,3627,2126,1357,769,4869,2399,2470,148,63,85,67,45,22,426,145,281,,,,,,,,,,,,,,,,,,,,,,,,,,,,,,,,,
  仡佬族                      ,38335,20370,17965,7509,4814,2695,27531,13943,13588,897,451,446,205,149,56,2193,1013,1180,,,,,,,,,,,,,,,,,,,,,,,,,,,,,,,,,
  锡伯族                      ,15752,8193,7559,3959,2194,1765,10693,5529,5164,327,156,171,209,116,93,564,198,366,,,,,,,,,,,,,,,,,,,,,,,,,,,,,,,,,
  阿昌族                      ,2206,1097,1109,577,344,233,1417,677,740,39,23,16,20,13,7,153,40,113,,,,,,,,,,,,,,,,,,,,,,,,,,,,,,,,,
  普米族                      ,2421,1203,1218,631,381,250,1568,750,818,40,15,25,18,9,9,164,48,116,,,,,,,,,,,,,,,,,,,,,,,,,,,,,,,,,
  塔吉克族                    ,3490,1750,1740,1007,592,415,2030,959,1071,236,134,102,58,26,32,159,39,120,,,,,,,,,,,,,,,,,,,,,,,,,,,,,,,,,
  怒族                        ,1909,969,940,510,321,189,1170,558,612,80,39,41,37,21,16,112,30,82,,,,,,,,,,,,,,,,,,,,,,,,,,,,,,,,,
  乌孜别克族                  ,1000,551,449,330,197,133,538,292,246,53,36,17,38,17,21,41,9,32,,,,,,,,,,,,,,,,,,,,,,,,,,,,,,,,,
  俄罗斯族                    ,1147,500,647,290,147,143,723,315,408,46,16,30,31,18,13,57,4,53,,,,,,,,,,,,,,,,,,,,,,,,,,,,,,,,,
  鄂温克族                    ,2051,985,1066,637,384,253,1204,541,663,77,25,52,34,14,20,99,21,78,,,,,,,,,,,,,,,,,,,,,,,,,,,,,,,,,
  德昂族                      ,1199,577,622,297,171,126,779,371,408,38,14,24,18,7,11,67,14,53,,,,,,,,,,,,,,,,,,,,,,,,,,,,,,,,,
  保安族                      ,1095,554,541,197,135,62,761,363,398,69,30,39,18,9,9,50,17,33,,,,,,,,,,,,,,,,,,,,,,,,,,,,,,,,,
  裕固族                      ,988,469,519,224,134,90,666,305,361,25,11,14,16,8,8,57,11,46,,,,,,,,,,,,,,,,,,,,,,,,,,,,,,,,,
  京族                        ,1585,754,831,393,219,174,1084,505,579,26,12,14,12,4,8,70,14,56,,,,,,,,,,,,,,,,,,,,,,,,,,,,,,,,,
  塔塔尔族                    ,314,160,154,109,65,44,177,83,94,10,8,2,7,3,4,11,1,10,,,,,,,,,,,,,,,,,,,,,,,,,,,,,,,,,
  独龙族                      ,2768,1402,1366,803,499,304,1632,774,858,93,42,51,18,9,9,222,78,144,,,,,,,,,,,,,,,,,,,,,,,,,,,,,,,,,
  鄂伦春族                    ,539,239,300,166,90,76,314,131,183,33,10,23,9,4,5,17,4,13,,,,,,,,,,,,,,,,,,,,,,,,,,,,,,,,,
  赫哲族                      ,394,188,206,111,52,59,249,121,128,8,5,3,11,6,5,15,4,11,,,,,,,,,,,,,,,,,,,,,,,,,,,,,,,,,
  门巴族                      ,591,301,290,163,98,65,365,176,189,18,11,7,8,1,7,37,15,22,,,,,,,,,,,,,,,,,,,,,,,,,,,,,,,,,
  珞巴族                      ,166,71,95,40,20,20,105,43,62,7,5,2,2,1,1,12,2,10,,,,,,,,,,,,,,,,,,,,,,,,,,,,,,,,,
  基诺族                      ,1462,734,728,352,218,134,960,462,498,49,27,22,20,9,11,81,18,63,,,,,,,,,,,,,,,,,,,,,,,,,,,,,,,,,
  其他未识别的民族            ,47523,24621,22902,11551,7478,4073,32293,15549,16744,917,478,439,315,248,67,2447,868,1579,,,,,,,,,,,,,,,,,,,,,,,,,,,,,,,,,
  外国人加入中国籍,110,32,78,9,7,2,72,23,49,6,          ,6,2,2,          ,21,          ,21,,,,,,,,,,,,,,,,,,,,,,,,,,,,,,,,,
,,,,,,,,,,,,,,,,,,,,,,,,,,,,,,,,,,,,,,,,,,,,,,,,,,,
,,,,,,,,,,,,,,,,,,,,,,,,,,,,,,,,,,,,,,,,,,,,,,,,,,,
　　,,,,,,,,,,,,,,,,,,,,,,,,,,,,,,,,,,,,,,,,,,,,,,,,,,,
表2—5    全国各民族15-50岁妇女平均活产子女数和平均存活子女数,,,,,,,,,,,,,,,,,,,,,,,,,,,,,,,,,,,,,,,,,,,,,,,,,,,
,,,,,,,,,,    ,,,,,,,,,,,,,,,,,,,,,,,,,,,,,,,,,,,,,,,,,
,,,,,,,,,,单位:人,,,,,,,,,,,,,,,,,,,,,,,,,,,,,,,,,,,,,,,,,
民     族,15-50岁妇女人数,活产子女总数,,,存活子女总数,,,存活子女总数占活产,妇女平均,妇女平均,,,,,,,,,,,,,,,,,,,,,,,,,,,,,,,,,,,,,,,,,
,,小计,男,女,小计,男,女,子女总数的百分比,活产子女数,存活子女数,,,,,,,,,,,,,,,,,,,,,,,,,,,,,,,,,,,,,,,,,
,,,,,,,,,,,,,,,,,,,,,,,,,,,,,,,,,,,,,,,,,,,,,,,,,,,
  合      计,33547666,44406580,23451691,20954889,43454827,22939904,20514923,97.86,1.32,1.30,,,,,,,,,,,,,,,,,,,,,,,,,,,,,,,,,,,,,,,,,
,,,,,,,,,,,,,,,,,,,,,,,,,,,,,,,,,,,,,,,,,,,,,,,,,,,
  汉族                        ,30675915,40062446,21185951,18876495,39319056,20784671,18534385,98.14,1.31,1.28,,,,,,,,,,,,,,,,,,,,,,,,,,,,,,,,,,,,,,,,,
  蒙古族                      ,186105,238053,122159,115894,233149,119401,113748,97.94,1.28,1.25,,,,,,,,,,,,,,,,,,,,,,,,,,,,,,,,,,,,,,,,,
  回族                        ,273202,398766,207396,191370,385931,200553,185378,96.78,1.46,1.41,,,,,,,,,,,,,,,,,,,,,,,,,,,,,,,,,,,,,,,,,
  藏族                        ,142507,215351,109183,106168,201220,101732,99488,93.44,1.51,1.41,,,,,,,,,,,,,,,,,,,,,,,,,,,,,,,,,,,,,,,,,
  维吾尔族                    ,235112,445193,228474,216719,400056,204252,195804,89.86,1.89,1.70,,,,,,,,,,,,,,,,,,,,,,,,,,,,,,,,,,,,,,,,,
  苗族                        ,226922,380331,201437,178894,358556,190256,168300,94.27,1.68,1.58,,,,,,,,,,,,,,,,,,,,,,,,,,,,,,,,,,,,,,,,,
  彝族                        ,207035,346162,180407,165755,323909,168631,155278,93.57,1.67,1.56,,,,,,,,,,,,,,,,,,,,,,,,,,,,,,,,,,,,,,,,,
  壮族                        ,435828,643008,341791,301217,630313,335066,295247,98.03,1.48,1.45,,,,,,,,,,,,,,,,,,,,,,,,,,,,,,,,,,,,,,,,,
  布依族                      ,73807,122046,64100,57946,114486,60268,54218,93.81,1.65,1.55,,,,,,,,,,,,,,,,,,,,,,,,,,,,,,,,,,,,,,,,,
  朝鲜族                      ,54793,56008,28482,27526,55141,27999,27142,98.45,1.02,1.01,,,,,,,,,,,,,,,,,,,,,,,,,,,,,,,,,,,,,,,,,
  满族                        ,318288,369393,191147,178246,364184,188190,175994,98.59,1.16,1.14,,,,,,,,,,,,,,,,,,,,,,,,,,,,,,,,,,,,,,,,,
  侗族                        ,73067,113331,60575,52756,107916,57811,50105,95.22,1.55,1.48,,,,,,,,,,,,,,,,,,,,,,,,,,,,,,,,,,,,,,,,,
  瑶族                        ,70585,104235,55439,48796,100695,53537,47158,96.60,1.48,1.43,,,,,,,,,,,,,,,,,,,,,,,,,,,,,,,,,,,,,,,,,
  白族                        ,50469,74451,37853,36598,71479,36236,35243,96.01,1.48,1.42,,,,,,,,,,,,,,,,,,,,,,,,,,,,,,,,,,,,,,,,,
  土家族                      ,198722,294155,154048,140107,281832,147392,134440,95.81,1.48,1.42,,,,,,,,,,,,,,,,,,,,,,,,,,,,,,,,,,,,,,,,,
  哈尼族                      ,38174,68637,36554,32083,61122,32644,28478,89.05,1.80,1.60,,,,,,,,,,,,,,,,,,,,,,,,,,,,,,,,,,,,,,,,,
  哈萨克族                    ,39401,59419,30622,28797,57123,29375,27748,96.14,1.51,1.45,,,,,,,,,,,,,,,,,,,,,,,,,,,,,,,,,,,,,,,,,
  傣族                        ,33650,52372,26745,25627,48897,24848,24049,93.36,1.56,1.45,,,,,,,,,,,,,,,,,,,,,,,,,,,,,,,,,,,,,,,,,
  黎族                        ,33001,58745,30553,28192,57392,29980,27412,97.70,1.78,1.74,,,,,,,,,,,,,,,,,,,,,,,,,,,,,,,,,,,,,,,,,
  傈僳族                      ,17135,30013,15254,14759,27323,13839,13484,91.04,1.75,1.59,,,,,,,,,,,,,,,,,,,,,,,,,,,,,,,,,,,,,,,,,
  佤族                        ,10796,21208,10836,10372,17894,9042,8852,84.37,1.96,1.66,,,,,,,,,,,,,,,,,,,,,,,,,,,,,,,,,,,,,,,,,
  畲族                        ,18251,27778,14790,12988,27240,14481,12759,98.06,1.52,1.49,,,,,,,,,,,,,,,,,,,,,,,,,,,,,,,,,,,,,,,,,
  高山族                      ,117,102,53,49,101,53,48,99.02,0.87,0.86,,,,,,,,,,,,,,,,,,,,,,,,,,,,,,,,,,,,,,,,,
  拉祜族                      ,12453,22889,11754,11135,19435,9910,9525,84.91,1.84,1.56,,,,,,,,,,,,,,,,,,,,,,,,,,,,,,,,,,,,,,,,,
  水族                        ,10269,17613,9467,8146,16603,8965,7638,94.27,1.72,1.62,,,,,,,,,,,,,,,,,,,,,,,,,,,,,,,,,,,,,,,,,
  东乡族                      ,13232,23680,12540,11140,22236,11869,10367,93.90,1.79,1.68,,,,,,,,,,,,,,,,,,,,,,,,,,,,,,,,,,,,,,,,,
  纳西族                      ,8792,12389,6289,6100,11761,5916,5845,94.93,1.41,1.34,,,,,,,,,,,,,,,,,,,,,,,,,,,,,,,,,,,,,,,,,
  景颇族                      ,3748,6608,3395,3213,5898,3009,2889,89.26,1.76,1.57,,,,,,,,,,,,,,,,,,,,,,,,,,,,,,,,,,,,,,,,,
  柯尔柯孜族                  ,5128,9837,5080,4757,8779,4538,4241,89.24,1.92,1.71,,,,,,,,,,,,,,,,,,,,,,,,,,,,,,,,,,,,,,,,,
  土族                        ,7116,11308,5948,5360,10720,5606,5114,94.80,1.59,1.51,,,,,,,,,,,,,,,,,,,,,,,,,,,,,,,,,,,,,,,,,
  达斡尔族                      ,4069,4924,2556,2368,4810,2491,2319,97.68,1.21,1.18,,,,,,,,,,,,,,,,,,,,,,,,,,,,,,,,,,,,,,,,,
  仫佬族                      ,5519,7529,3886,3643,7363,3794,3569,97.80,1.36,1.33,,,,,,,,,,,,,,,,,,,,,,,,,,,,,,,,,,,,,,,,,
  羌族                        ,8301,12899,6536,6363,12398,6285,6113,96.12,1.55,1.49,,,,,,,,,,,,,,,,,,,,,,,,,,,,,,,,,,,,,,,,,
  布朗族                      ,2390,4483,2278,2205,3786,1896,1890,84.45,1.88,1.58,,,,,,,,,,,,,,,,,,,,,,,,,,,,,,,,,,,,,,,,,
  撒拉族                      ,2764,4906,2604,2302,4539,2427,2112,92.52,1.77,1.64,,,,,,,,,,,,,,,,,,,,,,,,,,,,,,,,,,,,,,,,,
  毛南族                      ,2793,3836,2031,1805,3720,1960,1760,96.98,1.37,1.33,,,,,,,,,,,,,,,,,,,,,,,,,,,,,,,,,,,,,,,,,
  仡佬族                      ,13677,23330,12487,10843,21745,11654,10091,93.21,1.71,1.59,,,,,,,,,,,,,,,,,,,,,,,,,,,,,,,,,,,,,,,,,
  锡伯族                      ,6317,7003,3543,3460,6933,3504,3429,99.00,1.11,1.10,,,,,,,,,,,,,,,,,,,,,,,,,,,,,,,,,,,,,,,,,
  阿昌族                      ,900,1572,833,739,1428,757,671,90.84,1.75,1.59,,,,,,,,,,,,,,,,,,,,,,,,,,,,,,,,,,,,,,,,,
  普米族                      ,954,1529,772,757,1456,733,723,95.23,1.60,1.53,,,,,,,,,,,,,,,,,,,,,,,,,,,,,,,,,,,,,,,,,
  塔吉克族                    ,1367,2754,1435,1319,2493,1291,1202,90.52,2.01,1.82,,,,,,,,,,,,,,,,,,,,,,,,,,,,,,,,,,,,,,,,,
  怒族                        ,740,1236,615,621,1124,556,568,90.94,1.67,1.52,,,,,,,,,,,,,,,,,,,,,,,,,,,,,,,,,,,,,,,,,
  乌孜别克族                  ,358,530,280,250,496,264,232,93.58,1.48,1.39,,,,,,,,,,,,,,,,,,,,,,,,,,,,,,,,,,,,,,,,,
  俄罗斯族                    ,494,464,239,225,449,234,215,96.77,0.94,0.91,,,,,,,,,,,,,,,,,,,,,,,,,,,,,,,,,,,,,,,,,
  鄂温克族                    ,945,1219,623,596,1187,601,586,97.37,1.29,1.26,,,,,,,,,,,,,,,,,,,,,,,,,,,,,,,,,,,,,,,,,
  德昂族                      ,523,975,487,488,889,437,452,91.18,1.86,1.70,,,,,,,,,,,,,,,,,,,,,,,,,,,,,,,,,,,,,,,,,
  保安族                      ,424,795,431,364,737,406,331,92.70,1.88,1.74,,,,,,,,,,,,,,,,,,,,,,,,,,,,,,,,,,,,,,,,,
  裕固族                      ,417,537,268,269,527,261,266,98.14,1.29,1.26,,,,,,,,,,,,,,,,,,,,,,,,,,,,,,,,,,,,,,,,,
  京族                        ,636,830,453,377,815,444,371,98.19,1.31,1.28,,,,,,,,,,,,,,,,,,,,,,,,,,,,,,,,,,,,,,,,,
  塔塔尔族                    ,121,145,83,62,141,81,60,97.24,1.20,1.17,,,,,,,,,,,,,,,,,,,,,,,,,,,,,,,,,,,,,,,,,
  独龙族                      ,1076,2452,1263,1189,2044,1026,1018,83.36,2.28,1.90,,,,,,,,,,,,,,,,,,,,,,,,,,,,,,,,,,,,,,,,,
  鄂伦春族                    ,273,311,162,149,305,157,148,98.07,1.14,1.12,,,,,,,,,,,,,,,,,,,,,,,,,,,,,,,,,,,,,,,,,
  赫哲族                      ,184,174,78,96,172,77,95,98.85,0.95,0.93,,,,,,,,,,,,,,,,,,,,,,,,,,,,,,,,,,,,,,,,,
  门巴族                      ,242,489,243,246,413,194,219,84.46,2.02,1.71,,,,,,,,,,,,,,,,,,,,,,,,,,,,,,,,,,,,,,,,,
  珞巴族                      ,78,133,62,71,121,55,66,90.98,1.71,1.55,,,,,,,,,,,,,,,,,,,,,,,,,,,,,,,,,,,,,,,,,
  基诺族                      ,569,926,486,440,874,456,418,94.38,1.63,1.54,,,,,,,,,,,,,,,,,,,,,,,,,,,,,,,,,,,,,,,,,
  其他未识别的民族            ,17884,35018,18612,16406,33361,17770,15591,95.27,1.96,1.87,,,,,,,,,,,,,,,,,,,,,,,,,,,,,,,,,,,,,,,,,
  外国人加入中国籍,31,54,23,31,54,23,31,100.00,1.74,1.74,,,,,,,,,,,,,,,,,,,,,,,,,,,,,,,,,,,,,,,,,
,,,,,,,,,,,,,,,,,,,,,,,,,,,,,,,,,,,,,,,,,,,,,,,,,,,
,,,,,,,,,,,,,,,,,,,,,,,,,,,,,,,,,,,,,,,,,,,,,,,,,,,
　　,,,,,,,,,,,,,,,,,,,,,,,,,,,,,,,,,,,,,,,,,,,,,,,,,,,
表2—6    全国各民族分性别、孩次的出生人口（1999.11.1-2000.10.31）,,,,,,,,,,,,,,,,,,,,,,,,,,,,,,,,,,,,,,,,,,,,,,,,,,,
,,,,,,,,,,,,,,,,,,,,,,,,    ,,,,,,,,,,,,,,,,,,,,,,,,,,,
,,,,,,,,,,,,,,,,,,,,,,,,单位:人，%,,,,,,,,,,,,,,,,,,,,,,,,,,,
民     族,出   生   人   数,,,,第     一     孩,,,,第     二     孩,,,,第     三     孩,,,,第     四     孩,,,,第五孩及五孩以上,,,,,,,,,,,,,,,,,,,,,,,,,,,,,,
,合计,男,女,性别比,小计,男,女,性别比,小计,男,女,性别比,小计,男,女,性别比,小计,男,女,性别比,小计,男,女,性别比,,,,,,,,,,,,,,,,,,,,,,,,,,,
,,,,,,,,,,,,,,,,,,,,,,,,,,,,,,,,,,,,,,,,,,,,,,,,,,,
  合      计,1182138,644609,537529,119.92,804371,416004,388367,107.12,308261,185898,122363,151.92,50424,31052,19372,160.29,12517,7729,4788,161.42,6563,3925,2638,148.79,,,,,,,,,,,,,,,,,,,,,,,,,,,
,,,,,,,,,,,,,,,,,,,,,,,,,,,,,,,,,,,,,,,,,,,,,,,,,,,
  汉族                        ,1035310,567062,468248,121.10,722691,374450,348241,107.53,263520,161297,102223,157.79,36928,23526,13402,175.54,8347,5386,2961,181.90,3822,2402,1420,169.15,,,,,,,,,,,,,,,,,,,,,,,,,,,
  蒙古族                      ,6319,3307,3012,109.79,4707,2412,2295,105.10,1390,761,629,120.99,194,115,79,145.57,21,13,8,162.50,7,6,1,600.00,,,,,,,,,,,,,,,,,,,,,,,,,,,
  回族                        ,12948,6853,6095,112.44,7347,3793,3554,106.72,3684,2034,1650,123.27,1164,620,544,113.97,471,247,224,110.27,282,159,123,129.27,,,,,,,,,,,,,,,,,,,,,,,,,,,
  藏族                        ,8538,4305,4233,101.70,3536,1771,1765,100.34,2557,1295,1262,102.61,1261,638,623,102.41,488,249,239,104.18,696,352,344,102.33,,,,,,,,,,,,,,,,,,,,,,,,,,,
  维吾尔族                    ,15087,7716,7371,104.68,6631,3364,3267,102.97,4477,2258,2219,101.76,2637,1354,1283,105.53,846,461,385,119.74,496,279,217,128.57,,,,,,,,,,,,,,,,,,,,,,,,,,,
  苗族                        ,15411,8217,7194,114.22,7968,4036,3932,102.64,5198,2891,2307,125.31,1508,875,633,138.23,460,272,188,144.68,277,143,134,106.72,,,,,,,,,,,,,,,,,,,,,,,,,,,
  彝族                        ,14538,7677,6861,111.89,6937,3513,3424,102.60,4901,2655,2246,118.21,1784,967,817,118.36,578,332,246,134.96,338,210,128,164.06,,,,,,,,,,,,,,,,,,,,,,,,,,,
  壮族                        ,19043,10390,8653,120.07,12346,6252,6094,102.59,5194,3153,2041,154.48,1076,710,366,193.99,308,194,114,170.18,119,81,38,213.16,,,,,,,,,,,,,,,,,,,,,,,,,,,
  布依族                      ,5630,2956,2674,110.55,2973,1491,1482,100.61,1855,1006,849,118.49,542,312,230,135.65,165,89,76,117.11,95,58,37,156.76,,,,,,,,,,,,,,,,,,,,,,,,,,,
  朝鲜族                      ,938,488,450,108.44,795,411,384,107.03,135,71,64,110.94,6,5,1,500.00,2,1,1,100.00,          ,          ,          ,          ,,,,,,,,,,,,,,,,,,,,,,,,,,,
  满族                        ,9444,4937,4507,109.54,6854,3487,3367,103.56,2435,1352,1083,124.84,132,81,51,158.82,20,14,6,233.33,3,3,          ,          ,,,,,,,,,,,,,,,,,,,,,,,,,,,
  侗族                        ,4192,2343,1849,126.72,2304,1220,1084,112.55,1509,892,617,144.57,288,181,107,169.16,56,35,21,166.67,35,15,20,75.00,,,,,,,,,,,,,,,,,,,,,,,,,,,
  瑶族                        ,3149,1729,1420,121.76,1871,961,910,105.60,1002,592,410,144.39,201,130,71,183.10,51,31,20,155.00,24,15,9,166.67,,,,,,,,,,,,,,,,,,,,,,,,,,,
  白族                        ,2721,1396,1325,105.36,1651,842,809,104.08,948,490,458,106.99,93,50,43,116.28,20,11,9,122.22,9,3,6,50.00,,,,,,,,,,,,,,,,,,,,,,,,,,,
  土家族                      ,10024,5505,4519,121.82,5625,2976,2649,112.34,3478,1972,1506,130.94,698,424,274,154.74,163,99,64,154.69,60,34,26,130.77,,,,,,,,,,,,,,,,,,,,,,,,,,,
  哈尼族                      ,2531,1359,1172,115.96,1219,633,586,108.02,916,506,410,123.41,259,140,119,117.65,81,45,36,125.00,56,35,21,166.67,,,,,,,,,,,,,,,,,,,,,,,,,,,
  哈萨克族                    ,2072,1061,1011,104.95,1208,599,609,98.36,609,319,290,110.00,223,125,98,127.55,19,11,8,137.50,13,7,6,116.67,,,,,,,,,,,,,,,,,,,,,,,,,,,
  傣族                        ,1532,769,763,100.79,946,473,473,100.00,510,258,252,102.38,57,29,28,103.57,15,6,9,66.67,4,3,1,300.00,,,,,,,,,,,,,,,,,,,,,,,,,,,
  黎族                        ,1879,993,886,112.08,912,450,462,97.40,498,263,235,111.91,339,201,138,145.65,89,52,37,140.54,41,27,14,192.86,,,,,,,,,,,,,,,,,,,,,,,,,,,
  傈僳族                      ,1128,557,571,97.55,598,283,315,89.84,391,207,184,112.50,77,39,38,102.63,34,17,17,100.00,28,11,17,64.71,,,,,,,,,,,,,,,,,,,,,,,,,,,
  佤族                        ,669,323,346,93.35,334,162,172,94.19,213,98,115,85.22,66,36,30,120.00,26,14,12,116.67,30,13,17,76.47,,,,,,,,,,,,,,,,,,,,,,,,,,,
  畲族                        ,741,379,362,104.70,486,244,242,100.83,219,114,105,108.57,30,19,11,172.73,5,2,3,66.67,1,          ,1,          ,,,,,,,,,,,,,,,,,,,,,,,,,,,
  高山族                      ,8,6,2,300.00,5,4,1,400.00,3,2,1,200.00,          ,          ,          ,          ,          ,          ,          ,          ,          ,          ,          ,          ,,,,,,,,,,,,,,,,,,,,,,,,,,,
  拉祜族                      ,754,371,383,96.87,412,209,203,102.96,254,130,124,104.84,58,21,37,56.76,19,9,10,90.00,11,2,9,22.22,,,,,,,,,,,,,,,,,,,,,,,,,,,
  水族                        ,787,431,356,121.07,408,201,207,97.10,253,149,104,143.27,91,60,31,193.55,24,16,8,200.00,11,5,6,83.33,,,,,,,,,,,,,,,,,,,,,,,,,,,
  东乡族                      ,793,422,371,113.75,437,241,196,122.96,226,107,119,89.92,104,57,47,121.28,20,12,8,150.00,6,5,1,500.00,,,,,,,,,,,,,,,,,,,,,,,,,,,
  纳西族                      ,447,228,219,104.11,268,129,139,92.81,160,89,71,125.35,16,7,9,77.78,3,3,          ,          ,          ,          ,          ,          ,,,,,,,,,,,,,,,,,,,,,,,,,,,
  景颇族                      ,237,119,118,100.85,139,67,72,93.06,66,33,33,100.00,15,11,4,275.00,11,5,6,83.33,6,3,3,100.00,,,,,,,,,,,,,,,,,,,,,,,,,,,
  柯尔柯孜族                  ,306,165,141,117.02,128,73,55,132.73,94,51,43,118.60,60,24,36,66.67,14,11,3,366.67,10,6,4,150.00,,,,,,,,,,,,,,,,,,,,,,,,,,,
  土族                        ,414,230,184,125.00,275,146,129,113.18,114,73,41,178.05,19,10,9,111.11,5,1,4,25.00,1,          ,1,          ,,,,,,,,,,,,,,,,,,,,,,,,,,,
  达斡尔族                      ,109,59,50,118.00,91,54,37,145.95,13,2,11,18.18,4,2,2,100.00,          ,          ,          ,          ,1,1,          ,          ,,,,,,,,,,,,,,,,,,,,,,,,,,,
  仫佬族                      ,227,108,119,90.76,143,62,81,76.54,70,38,32,118.75,10,4,6,66.67,3,3,          ,          ,1,1,          ,          ,,,,,,,,,,,,,,,,,,,,,,,,,,,
  羌族                        ,418,195,223,87.44,241,103,138,74.64,150,78,72,108.33,21,10,11,90.91,6,4,2,200.00,          ,          ,          ,          ,,,,,,,,,,,,,,,,,,,,,,,,,,,
  布朗族                      ,151,82,69,118.84,76,40,36,111.11,46,25,21,119.05,16,10,6,166.67,5,2,3,66.67,8,5,3,166.67,,,,,,,,,,,,,,,,,,,,,,,,,,,
  撒拉族                      ,183,89,94,94.68,99,44,55,80.00,56,27,29,93.10,21,14,7,200.00,2,2,          ,          ,5,2,3,66.67,,,,,,,,,,,,,,,,,,,,,,,,,,,
  毛南族                      ,133,70,63,111.11,93,46,47,97.87,36,22,14,157.14,3,2,1,200.00,          ,          ,          ,          ,1,          ,1,          ,,,,,,,,,,,,,,,,,,,,,,,,,,,
  仡佬族                      ,1001,535,466,114.81,469,233,236,98.73,382,213,169,126.04,99,59,40,147.50,31,16,15,106.67,20,14,6,233.33,,,,,,,,,,,,,,,,,,,,,,,,,,,
  锡伯族                      ,179,74,105,70.48,139,50,89,56.18,35,20,15,133.33,4,3,1,300.00,1,1,          ,          ,          ,          ,          ,          ,,,,,,,,,,,,,,,,,,,,,,,,,,,
  阿昌族                      ,61,36,25,144.00,36,20,16,125.00,17,11,6,183.33,8,5,3,166.67,          ,          ,          ,          ,          ,          ,          ,          ,,,,,,,,,,,,,,,,,,,,,,,,,,,
  普米族                      ,69,43,26,165.38,35,26,9,288.89,29,14,15,93.33,5,3,2,150.00,          ,          ,          ,          ,          ,          ,          ,          ,,,,,,,,,,,,,,,,,,,,,,,,,,,
  塔吉克族                    ,71,39,32,121.88,37,22,15,146.67,19,10,9,111.11,9,5,4,125.00,4,1,3,33.33,2,1,1,100.00,,,,,,,,,,,,,,,,,,,,,,,,,,,
  怒族                        ,46,30,16,187.50,22,16,6,266.67,18,11,7,157.14,3,2,1,200.00,2,1,1,100.00,1,          ,1,          ,,,,,,,,,,,,,,,,,,,,,,,,,,,
  乌孜别克族                  ,17,10,7,142.86,11,8,3,266.67,4,1,3,33.33,2,1,1,100.00,          ,          ,          ,          ,          ,          ,          ,          ,,,,,,,,,,,,,,,,,,,,,,,,,,,
  俄罗斯族                    ,12,9,3,300.00,7,6,1,600.00,4,3,1,300.00,1,          ,1,          ,          ,          ,          ,          ,          ,          ,          ,          ,,,,,,,,,,,,,,,,,,,,,,,,,,,
  鄂温克族                    ,35,23,12,191.67,29,20,9,222.22,4,2,2,100.00,1,          ,1,          ,1,1,          ,          ,          ,          ,          ,          ,,,,,,,,,,,,,,,,,,,,,,,,,,,
  德昂族                      ,33,20,13,153.85,16,8,8,100.00,12,8,4,200.00,1,1,          ,          ,3,2,1,200.00,1,1,          ,          ,,,,,,,,,,,,,,,,,,,,,,,,,,,
  保安族                      ,26,13,13,100.00,15,9,6,150.00,6,4,2,200.00,4,          ,4,          ,          ,          ,          ,          ,1,          ,1,          ,,,,,,,,,,,,,,,,,,,,,,,,,,,
  裕固族                      ,23,12,11,109.09,19,9,10,90.00,4,3,1,300.00,          ,          ,          ,          ,          ,          ,          ,          ,          ,          ,          ,          ,,,,,,,,,,,,,,,,,,,,,,,,,,,
  京族                        ,40,23,17,135.29,26,15,11,136.36,11,7,4,175.00,3,1,2,50.00,          ,          ,          ,          ,          ,          ,          ,          ,,,,,,,,,,,,,,,,,,,,,,,,,,,
  塔塔尔族                    ,5,3,2,150.00,4,2,2,100.00,          ,          ,          ,          ,1,1,          ,          ,          ,          ,          ,          ,          ,          ,          ,          ,,,,,,,,,,,,,,,,,,,,,,,,,,,
  独龙族                      ,86,48,38,126.32,35,19,16,118.75,20,9,11,81.82,17,10,7,142.86,5,5,          ,          ,9,5,4,125.00,,,,,,,,,,,,,,,,,,,,,,,,,,,
  鄂伦春族                    ,14,7,7,100.00,12,7,5,140.00,2,          ,2,          ,          ,          ,          ,          ,          ,          ,          ,          ,          ,          ,          ,          ,,,,,,,,,,,,,,,,,,,,,,,,,,,
  赫哲族                      ,9,5,4,125.00,8,4,4,100.00,1,1,          ,          ,          ,          ,          ,          ,          ,          ,          ,          ,          ,          ,          ,          ,,,,,,,,,,,,,,,,,,,,,,,,,,,
  门巴族                      ,8,3,5,60.00,3,          ,3,          ,4,2,2,100.00,1,1,          ,          ,          ,          ,          ,          ,          ,          ,          ,          ,,,,,,,,,,,,,,,,,,,,,,,,,,,
  珞巴族                      ,6,4,2,200.00,2,2,          ,          ,2,1,1,100.00,1,1,          ,          ,1,          ,1,          ,          ,          ,          ,          ,,,,,,,,,,,,,,,,,,,,,,,,,,,
  基诺族                      ,20,6,14,42.86,5,2,3,66.67,10,2,8,25.00,4,2,2,100.00,1,          ,1,          ,          ,          ,          ,          ,,,,,,,,,,,,,,,,,,,,,,,,,,,
  其他未识别的民族            ,1565,769,796,96.61,687,284,403,70.47,497,266,231,115.15,258,148,110,134.55,91,53,38,139.47,32,18,14,128.57,,,,,,,,,,,,,,,,,,,,,,,,,,,
  外国人加入中国籍,1,          ,1,          ,          ,          ,          ,          ,          ,          ,          ,          ,1,          ,1,          ,          ,          ,          ,          ,          ,          ,          ,          ,,,,,,,,,,,,,,,,,,,,,,,,,,,
,,,,,,,,,,,,,,,,,,,,,,,,,,,,,,,,,,,,,,,,,,,,,,,,,,,
